{
  "eta_targ": 12.3,
  "w_min": 0.0363,
  "w_max": 0.3244,
  "p_conn_fraction": 0.08,
  "p_inact": 0.1,
  "T": 200000,
  "dt": 100.0,
  "dt_norm": 100.0,
  "dt_strct": 1000.0,
  "mu_alpha": 0.0003,
  "var_alpha": 0.0000028,
  "mu_beta_1": -0.0032,
  "var_beta_1": 0.00006,
  "mu_gamma": 0.0,
  "var_gamma": 0.0,
  "seed": 193945
}