{
  "eta_targ": 12.5,
  "w_min": 0.0363,
  "w_max": 0.3244,
  "p_conn_fraction": 0.08,
  "p_inact": 0.1,
  "T": 20000,
  "dt": 100.0,
  "dt_norm": 100.0,
  "dt_strct": 1000.0,
  "syn_kesten_mu_epsilon_1": -0.000032,
  "syn_kesten_mu_eta": 0.000003,
  "syn_kesten_var_epsilon_1": 0.0000011,
  "syn_kesten_var_eta": 0.000000028
}